X,Df_Species_Richness,SumOfSqs_Species_Richness,R2_Species_Richness,F_Species_Richness,Pr(>F)_Species_Richness,Df_FRic,SumOfSqs_FRic,R2_FRic,F_FRic,Pr(>F)_FRic,Df_FEve,SumOfSqs_FEve,R2_FEve,F_FEve,Pr(>F)_FEve,Df_FDiv,SumOfSqs_FDiv,R2_FDiv,F_FDiv,Pr(>F)_FDiv,Df_FDis,SumOfSqs_FDis,R2_FDis,F_FDis,Pr(>F)_FDis
ipa:site,9,207.53114035087668,0.150241235787674,4.914561821258752,0.7256,9,0.14729666054072377,0.07842646675993707,1.7591877869224533,0.9619,9,0.41006440561694557,0.13119773051635247,1.1501427382850706,0.6147,9,0.8638221300499596,0.12364881712060456,1.291214244204844,0.3944,9,1.0165337602122546,0.20752582655521923,1.9836974777248597,0.5319
ipa:year,6,28.67368421052572,0.02075818473840281,1.0185357734094216,0.3516,6,0.07372379673198193,0.039253414657140794,1.3207428023861987,0.2445,6,0.048737649991786425,0.015593328711382467,0.20504798801592017,0.9689,6,0.12089746631144926,0.01730544770996347,0.2710706148161373,0.9511,6,0.1434227032100388,0.029279809678167918,0.4198196839229855,0.8493
site:year,15,133.56058897243105,0.09669058776346119,1.8977155050918202,0.055,15,0.1531712184642795,0.0815543097132652,1.0976091481282162,0.3295,15,0.8332551840690055,0.26659516796237004,1.4022612828150618,0.1974,15,2.2241255957652677,0.31836472981785024,1.994731936298001,0.0475,15,0.930772016481179,0.19001752781372722,1.0898035109301654,0.3847
Residual,31,145.45131578947365,0.10529882596995727,NA,NA,31,0.288403073200212,0.15355700496377991,NA,NA,31,1.2280598022970064,0.39291061792433135,NA,NA,31,2.304332801618877,0.3298457115886854,NA,NA,31,1.7650846977781798,0.36034283875618817,NA,NA
Total,71,1381.3194444444448,1,NA,NA,71,1.8781498979368525,1,NA,NA,71,3.125544961814985,1,NA,NA,71,6.986092953945567,1,NA,NA,71,4.898348206032908,1,NA,NA
