X,Df_Species_Richness,SumOfSqs_Species_Richness,R2_Species_Richness,F_Species_Richness,Pr(>F)_Species_Richness,Df_SESFRic,SumOfSqs_SESFRic,R2_SESFRic,F_SESFRic,Pr(>F)_SESFRic,Df_FEve,SumOfSqs_FEve,R2_FEve,F_FEve,Pr(>F)_FEve,Df_FDiv,SumOfSqs_FDiv,R2_FDiv,F_FDiv,Pr(>F)_FDiv,Df_SESFDis,SumOfSqs_SESFDis,R2_SESFDis,F_SESFDis,Pr(>F)_SESFDis
ipa,2,5.677192982456063,0.004109978329262846,0.3397567322336199,0.9191,2,0.04446816539616094,4.387123903113115e-4,0.021537817749932048,0.9886,2,0.00471228300413129,0.0014177433151206925,0.046375628322175115,0.957,2,0.07109276418634902,0.010489887639380847,0.3798083786513483,0.7294,2,0.46496624857650914,0.01243232716460102,0.44207562022953123,0.6967
site,5,769.3474310776951,0.5569656129666083,18.416916243154027,0.0051,5,32.93876985084592,0.3249661038731843,6.381457077298024,0.0014,5,0.20321585565921296,0.061139774634671684,0.7999742785365083,0.6069,5,0.582457367424408,0.08594281582576035,1.244695945568398,0.3671,5,4.386069954926825,0.11727530076304991,1.668056209783437,0.2258
year,3,97.26388888888766,0.07041375496455593,3.8805634116887107,2e-4,3,4.513353812045175,0.04452768000574975,1.4573390646061635,0.1706,3,0.021286163927225932,0.006404181706813929,0.1396576034487561,0.9269,3,0.4278074542658521,0.06312389422326121,1.523688638258293,0.2139,3,0.43709240495564927,0.01168703276035044,0.2770493508721718,0.8385
Residual,61,509.6422514619883,0.36895321608026893,NA,NA,61,62.971980742440245,0.6212666510532254,NA,NA,61,3.0991414418698136,0.9324115419155364,NA,NA,61,5.70900862003916,0.8423762902155766,NA,NA,61,32.07928673881706,0.8577400814897981,NA,NA
Total,71,1381.3194444444448,1,NA,NA,71,101.3606325652353,1,NA,NA,71,3.323791375965778,1,NA,NA,71,6.777266509457597,1,NA,NA,71,37.399775795831935,1,NA,NA
