Degrees_Freedom,SumOfSqs_Species_Richness,R2_Species_Richness,F_Species_Richness,Pr(>F)_Species_Richness,SumOfSqs_FRic,R2_FRic,F_FRic,Pr(>F)_FRic,SumOfSqs_FEve,R2_FEve,F_FEve,Pr(>F)_FEve,SumOfSqs_FDiv,R2_FDiv,F_FDiv,Pr(>F)_FDiv,SumOfSqs_FDis,R2_FDis,F_FDis,Pr(>F)_FDis
1,276.125,0.19989945201347337,29.749829955108158,0.19305555555555556,0.3380953542695434,0.1800151066967238,27.78676440683095,0.19027777777777777,0.3234209610683473,0.10347666247633779,8.055323405051546,0.020833333333333332,0.4237578611387252,0.060657346521477015,4.495411061117246,0.030555555555555555,0.19834088080844836,0.04049138045436777,3.2363122782774396,0.23194444444444445
4,492.61111111111165,0.3566235986124381,13.268534893211827,NA,0.7369997851109574,0.39240732910645293,15.142798576016995,NA,0.152226242808722,0.04870390433299834,0.9478603462416149,NA,0.34087537423664066,0.04879342094126059,0.9040392334481219,NA,0.6551262977591064,0.1337443297624777,2.672410842154947,NA
66,612.5833333333331,0.44347694937408855,NA,NA,0.8030547585563519,0.4275775641968234,NA,NA,2.649897757937917,0.8478194331906642,NA,NA,6.221459718570199,0.8905492325372621,NA,NA,4.044881027465355,0.8257642897831547,NA,NA
71,1381.3194444444448,1,NA,NA,1.8781498979368525,1,NA,NA,3.125544961814985,1,NA,NA,6.986092953945567,1,NA,NA,4.898348206032908,1,NA,NA
