Degrees_Freedom,SumOfSqs_Species_Richness,R2_Species_Richness,F_Species_Richness,Pr(>F)_Species_Richness,SumOfSqs_FRic,R2_FRic,F_FRic,Pr(>F)_FRic,SumOfSqs_FEve,R2_FEve,F_FEve,Pr(>F)_FEve,SumOfSqs_FDiv,R2_FDiv,F_FDiv,Pr(>F)_FDiv,SumOfSqs_FDis,R2_FDis,F_FDis,Pr(>F)_FDis
1,308.34722222222234,0.22322658488763766,33.22146646714735,0.09444444444444444,0.30973417714382584,0.16491451373719893,25.455867702274535,0.26666666666666666,0.20275595253501386,0.06487059217259658,5.0499657306493075,0.29583333333333334,0.3283818903292455,0.047005084600797324,3.4836205234984763,0.16111111111111112,0.5546179215617936,0.11322549933847384,9.049656238224651,0.05277777777777778
4,460.3888888888891,0.33329646573827365,12.400625765202022,NA,0.7653609622366748,0.4075079220659777,15.725522752156104,NA,0.27289125134205583,0.08730997463673967,1.6991997648421773,NA,0.43625134504612095,0.062445682861940355,1.1569868678528157,NA,0.29884925700576104,0.061010210878371614,1.2190748521681443,NA
66,612.5833333333331,0.44347694937408855,NA,NA,0.8030547585563516,0.42757756419682325,NA,NA,2.649897757937917,0.8478194331906642,NA,NA,6.221459718570199,0.8905492325372621,NA,NA,4.044881027465354,0.8257642897831545,NA,NA
71,1381.3194444444448,1,NA,NA,1.8781498979368525,1,NA,NA,3.125544961814985,1,NA,NA,6.986092953945567,1,NA,NA,4.898348206032908,1,NA,NA
